[
  {
    "name": "Drin Krasniqi",
    "date": "01.01.26",
    "agenda": "· Kennenlernen\n· Marcel Davis\n· Verabschiedung",
    "TITLE": "1&1 Kundenzufriedenheit"
  },
  {
    "name": "Anna Müller",
    "date": "01.01.26",
    "agenda": "· Kennenlernen\n· Marcel Davis\n· Verabschiedung",
    "TITLE": "1&1 Kundenzufriedenheit"
  },
  {
    "name": "Max Schmidt",
    "date": "01.01.26",
    "agenda": "· Kennenlernen\n· Marcel Davis\n· Verabschiedung",
    "TITLE": "1&1 Kundenzufriedenheit"
  }
]
